{
    "PIXEL_SIZE": 5.5,
    "FULLWELL": 13500.0,
    "CHeight": 11264,
    "CWidth": 11264,
    "BitDepth": 10,
    "DYNAMIC_RANGE": null,
    "SNR": 116.19,
    "DARK_CURRENT_NOISE": 5.0,
    "READOUT_NOISE": 13,
    "TEMPERTURE": 20,
    "NOISE_FLOOR": 13.496,
    "SYSTEM_EFFICIENCY": 1,
    "MAX_EXPOSURE_TIME": 4964,
    "START_SPECTRUM": 620,
    "END_SPECTRUM": 670,
    "SPECTRUM": [
        620.0,
        630.0,
        640.0,
        650.0,
        660.0,
        670.0
    ],
    "SENSOR_QE": [
        0.44999999999999984,
        0.45,
        0.45,
        0.45,
        0.45,
        0.45
    ],
    "SENSOR_TYPE": "VIS",
    "SPECTRAL_IRRADIANCE_TOA": [
        1.763106521542667,
        1.7347024632207158,
        1.7056436848686058,
        1.6760632592993199,
        1.6460824420869933,
        1.6158113924276136
    ],
    "LENS_DIAMETER": 17.5,
    "LENS_FOCAL_LENGTH": 70.0,
    "LENS_TRANSMISSION": [
        0.9599999999999996,
        0.9600000000000001,
        0.96,
        0.96,
        0.96,
        0.96
    ]
}