{
    "PIXEL_SIZE": 10,
    "FULLWELL": 500000.0,
    "CHeight": 12800,
    "CWidth": 10240,
    "BitDepth": 14,
    "DYNAMIC_RANGE": null,
    "SNR": 707.107,
    "DARK_CURRENT_NOISE": 19000.0,
    "READOUT_NOISE": 160,
    "TEMPERTURE": 20,
    "NOISE_FLOOR": 3521.177,
    "SYSTEM_EFFICIENCY": 1,
    "MAX_EXPOSURE_TIME": 8845,
    "START_SPECTRUM": 1628,
    "END_SPECTRUM": 1652,
    "SPECTRUM": [
        1628.0,
        1640.0,
        1652.0
    ],
    "SENSOR_QE": [
        0.7211757707964009,
        0.709180100570431,
        0.6863383284805231
    ],
    "SENSOR_TYPE": "SWIR",
    "SPECTRAL_IRRADIANCE_TOA": [
        0.20396769698593298,
        0.1994146924236424,
        0.19498409590525806
    ],
    "LENS_DIAMETER": 53.58359860589033,
    "LENS_FOCAL_LENGTH": 71.42857142857142,
    "LENS_TRANSMISSION": [
        0.9599999999999996,
        0.9600000000000001,
        0.96
    ]
}