{
    "PIXEL_SIZE": 5.5,
    "FULLWELL": 30250.0,
    "CHeight": 11264,
    "CWidth": 11264,
    "BitDepth": 8,
    "DYNAMIC_RANGE": null,
    "SNR": 173.925,
    "DARK_CURRENT_NOISE": 10,
    "READOUT_NOISE": 100,
    "TEMPERTURE": 20,
    "NOISE_FLOOR": 100.732,
    "SYSTEM_EFFICIENCY": 1,
    "MAX_EXPOSURE_TIME": 3657,
    "START_SPECTRUM": 400,
    "END_SPECTRUM": 1700,
    "SPECTRUM": [
        400.0,
        410.0,
        420.0,
        430.0,
        440.0,
        450.0,
        460.0,
        470.0,
        480.0,
        490.0,
        500.0,
        510.0,
        520.0,
        530.0,
        540.0,
        550.0,
        560.0,
        570.0,
        580.0,
        590.0,
        600.0,
        610.0,
        620.0,
        630.0,
        640.0,
        650.0,
        660.0,
        670.0,
        680.0,
        690.0,
        700.0,
        710.0,
        720.0,
        730.0,
        740.0,
        750.0,
        760.0,
        770.0,
        780.0,
        790.0,
        800.0,
        810.0,
        820.0,
        830.0,
        840.0,
        850.0,
        860.0,
        870.0,
        880.0,
        890.0,
        900.0,
        910.0,
        920.0,
        930.0,
        940.0,
        950.0,
        960.0,
        970.0,
        980.0,
        990.0,
        1000.0,
        1010.0,
        1020.0,
        1030.0,
        1040.0,
        1050.0,
        1060.0,
        1070.0,
        1080.0,
        1090.0,
        1100.0,
        1110.0,
        1120.0,
        1130.0,
        1140.0,
        1150.0,
        1160.0,
        1170.0,
        1180.0,
        1190.0,
        1200.0,
        1210.0,
        1220.0,
        1230.0,
        1240.0,
        1250.0,
        1260.0,
        1270.0,
        1280.0,
        1290.0,
        1300.0,
        1310.0,
        1320.0,
        1330.0,
        1340.0,
        1350.0,
        1360.0,
        1370.0,
        1380.0,
        1390.0,
        1400.0,
        1410.0,
        1420.0,
        1430.0,
        1440.0,
        1450.0,
        1460.0,
        1470.0,
        1480.0,
        1490.0,
        1500.0,
        1510.0,
        1520.0,
        1530.0,
        1540.0,
        1550.0,
        1560.0,
        1570.0,
        1580.0,
        1590.0,
        1600.0,
        1610.0,
        1620.0,
        1630.0,
        1640.0,
        1650.0,
        1660.0,
        1670.0,
        1680.0,
        1690.0,
        1700.0
    ],
    "SENSOR_QE": [
        0.5975963191439083,
        0.6172010173938279,
        0.6395199436078769,
        0.6636233306991218,
        0.6885814115806295,
        0.7134644191654657,
        0.7373425863666975,
        0.7592861460973911,
        0.778365331270613,
        0.7936503747994293,
        0.8042115095969071,
        0.8095147594324533,
        0.8106093115008386,
        0.8089401438531751,
        0.8059522345405745,
        0.8030905616141483,
        0.8014893904940303,
        0.801040136076444,
        0.8013235006266337,
        0.8019201864098449,
        0.8024108956913223,
        0.8024651477749506,
        0.802107730119174,
        0.8014522472210762,
        0.8006123035777412,
        0.7997015036862521,
        0.7988198259812128,
        0.7980127446473079,
        0.7973121078067412,
        0.7967497635817173,
        0.7963575600944398,
        0.7961590137464056,
        0.7961443140562804,
        0.7962953188220223,
        0.7965938858415893,
        0.7970218729129397,
        0.7975339860252109,
        0.7979763239322605,
        0.7981678335791257,
        0.7979274619108434,
        0.7970741558724511,
        0.7955646882600239,
        0.7939071352737924,
        0.792747398965025,
        0.7927313813849902,
        0.794504984584957,
        0.7984419735945715,
        0.8038275653569914,
        0.8096748397937522,
        0.8149968768263895,
        0.818806756376439,
        0.8199594821120697,
        0.8166777526879884,
        0.807026190505536,
        0.789069417966053,
        0.76087205747088,
        0.7214162464214112,
        0.6733541822192554,
        0.6202555772660743,
        0.5656901439635303,
        0.5132275947132855,
        0.4657028005958596,
        0.423011267407204,
        0.3843136596221279,
        0.3487706417154403,
        0.31554287816195037,
        0.2840146648091422,
        0.2544648229952003,
        0.22739580543098423,
        0.20331006482735373,
        0.1827100538951682,
        0.16588881127705546,
        0.1523017193427159,
        0.14119474639361818,
        0.13181386073123086,
        0.12340503065702257,
        0.11535214806597892,
        0.10759079922715371,
        0.1001944940031179,
        0.09323674225644228,
        0.08679105384969779,
        0.08089690482588517,
        0.07545763594972502,
        0.07034255416636778,
        0.06542096642096396,
        0.06056217965866404,
        0.055668862251158545,
        0.05077712827629844,
        0.045956453238474713,
        0.0412763126420784,
        0.03680618199150051,
        0.032606915517098344,
        0.028704882353094582,
        0.025117830359678177,
        0.021863507397038094,
        0.018959661325363305,
        0.016419549526818737,
        0.014238467471473231,
        0.012407220151371596,
        0.01091661255855864,
        0.00975744968507917,
        0.008915538111082665,
        0.008356690769137306,
        0.00804172217991595,
        0.007931446864091448,
        0.007986679342336654,
        0.008170184235325489,
        0.008452526563736143,
        0.008806221448247886,
        0.009203784009539974,
        0.009617729368291665,
        0.010011013858898014,
        0.01030835867061724,
        0.010424926206423353,
        0.01027587886929036,
        0.009776379062192279,
        0.008877870751174017,
        0.0076769241545641,
        0.006306391053761964,
        0.0048991232301670365,
        0.0035879724651787467,
        0.002480800245249993,
        0.0015855068770475257,
        0.0008850023722915606,
        0.00036219674270231313,
        5.421010862427522e-20,
        -0.0002186778440951633,
        -0.0003109267778629608,
        -0.0002938367895831767,
        -0.00018449786753559506,
        0.0
    ],
    "SENSOR_TYPE": "VIS",
    "SPECTRAL_IRRADIANCE_TOA": null,
    "LENS_DIAMETER": 50.0,
    "LENS_FOCAL_LENGTH": 95.0,