{
    "PIXEL_SIZE": 5.5,
    "FULLWELL": 13500.0,
    "CHeight": 2048,
    "CWidth": 2048,
    "BitDepth": 10,
    "DYNAMIC_RANGE": null,
    "SNR": 116.19,
    "DARK_CURRENT_NOISE": 75.734,
    "DARK_CURRENT_NOISE_TABLE": {
        "temp": [
            -10,
            -3,
            4,
            11,
            18,
            25,
            32,
            39,
            46,
            53,
            60
        ],
        "noise [electrons/sec]": [
            3,
            7,
            15,
            31,
            62,
            125,
            250,
            500,
            1000,
            2000,
            4000
        ]
    },
    "READOUT_NOISE": 13,
    "TEMPERTURE": 20,
    "NOISE_FLOOR": 13.188,
    "SYSTEM_EFFICIENCY": 1,
    "MAX_EXPOSURE_TIME": 2482,
    "START_SPECTRUM": 620,
    "END_SPECTRUM": 670,
    "SPECTRUM": [
        620.0,
        630.0,
        640.0,
        650.0,
        660.0,
        670.0
    ],
    "SENSOR_QE": [
        0.44999999999999984,
        0.45,
        0.45,
        0.45,
        0.45,
        0.45
    ],
    "SENSOR_TYPE": "SIMPLE",
    "SPECTRAL_IRRADIANCE_TOA": [
        1.6452792909529461,
        1.6204134558380145,
        1.5948284105633466,
        1.568652007348442,
        1.5420013002663593,
        1.514983148439595
    ],
    "LENS_DIAMETER": 17.5,
    "LENS_FOCAL_LENGTH": 140.0,
    "LENS_TRANSMISSION": [
        0.9599999999999996,
        0.9600000000000001,
        0.96,
        0.96,
        0.96,
        0.96
    ]
}