{
    "PIXEL_SIZE": 15,
    "FULLWELL": 1440000.0,
    "CHeight": 640,
    "CWidth": 512,
    "BitDepth": 14,
    "DYNAMIC_RANGE": null,
    "SNR": 1200.0,
    "DARK_CURRENT_NOISE": 110000.0,
    "DARK_CURRENT_NOISE_TABLE": {
        "temp": [
            -30,
            -20,
            -10,
            0,
            10,
            20,
            30,
            40,
            50,
            60,
            70
        ],
        "noise [electrons/sec]": [
            452,
            1358,
            4074,
            12222,
            36666,
            110000,
            330000,
            990000,
            2970000,
            8910000,
            26730000
        ]
    },
    "READOUT_NOISE": 390,
    "TEMPERTURE": 20,
    "NOISE_FLOOR": 1084.87,
    "SYSTEM_EFFICIENCY": 1,
    "MAX_EXPOSURE_TIME": 6318,
    "START_SPECTRUM": 1628,
    "END_SPECTRUM": 1658,
    "SPECTRUM": [
        1628.0,
        1638.0,
        1648.0,
        1658.0
    ],
    "SENSOR_QE": [
        0.7211757707964009,
        0.7114019265896956,
        0.6974471291286389,
        0.6566398070129923
    ],
    "SENSOR_TYPE": "SWIR",
    "SPECTRAL_IRRADIANCE_TOA": [
        0.19731605670472793,
        0.19365970985544934,
        0.1900848911432108,
        0.18658952414869234
    ],
    "LENS_DIAMETER": 137.93712710457044,
    "LENS_FOCAL_LENGTH": 150.0,
    "LENS_TRANSMISSION": [
        0.9599999999999996,
        0.96,
        0.96,
        0.96
    ]
}